--TABLE-1: 
--Fall22_S003_12_PASSENGER 
insert into Fall22_S003_12_PASSENGER VALUES ('100201', 'Henrik', 'Mela', 'M', TO_DATE( '1996-02-05', 'YYYY-MM-DD'), 8179343422, 'Henrik.Mela@gmail.com');
insert into Fall22_S003_12_PASSENGER VALUES ('100202', 'Ayelén', 'Mogena', 'M', TO_DATE( '1989-02-10', 'YYYY-MM-DD'), 8179343421, 'Ayelén.Mogena@gmail.com');
insert into Fall22_S003_12_PASSENGER VALUES ('100203', 'Ayuda', 'Mogg', 'F', TO_DATE( '2001-01-13', 'YYYY-MM-DD'), 8179343420, 'Ayuda.Fogg@gmail.com');
insert into Fall22_S003_12_PASSENGER VALUES ('100204', 'Azahara', 'Mogge', 'M', TO_DATE( '1992-10-21', 'YYYY-MM-DD'), 8179343419, 'Azahara.Mogge@gmail.com');
insert into Fall22_S003_12_PASSENGER VALUES ('100205', 'Azucena', 'Mogica', 'M', TO_DATE( '2004-10-29', 'YYYY-MM-DD'), 8179343418, 'Azucena.Mogica@gmail.com');
insert into Fall22_S003_12_PASSENGER VALUES ('100206', 'Bárbara', 'Mogila', 'M', TO_DATE( '2000-01-19', 'YYYY-MM-DD'), 8179343417, 'Bárbara.Mogila@gmail.com');
insert into Fall22_S003_12_PASSENGER VALUES ('100207', 'Bakasura', 'Mogilensky', 'M', TO_DATE( '1996-05-31', 'YYYY-MM-DD'), 8179343416, 'Bakasura.Mogilensky@gmail.com');
insert into Fall22_S003_12_PASSENGER VALUES ('100208', 'Balí', 'Reno', 'F', TO_DATE( '1989-11-26', 'YYYY-MM-DD'), 8179343415, 'Balí.Feno@gmail.com');
insert into Fall22_S003_12_PASSENGER VALUES ('100209', 'Balam', 'Renobales', 'F', TO_DATE( '2001-10-29', 'YYYY-MM-DD'), 8179343414, 'Balam.Fenobales@gmail.com');
insert into Fall22_S003_12_PASSENGER VALUES ('100210', 'Balarama', 'Renom', 'M', TO_DATE( '2003-12-13', 'YYYY-MM-DD'), 8179343413, 'Balarama.Menom@gmail.com');
insert into Fall22_S003_12_PASSENGER VALUES ('100211', 'Balbino', 'Renon', 'F', TO_DATE( '1992-06-27', 'YYYY-MM-DD'), 8179343412, 'Balbino.Fenon@gmail.com');
insert into Fall22_S003_12_PASSENGER VALUES ('100212', 'Baldomero', 'Renou', 'M', TO_DATE( '1987-06-23', 'YYYY-MM-DD'), 8179343411, 'Baldomero.Menou@gmail.com');
insert into Fall22_S003_12_PASSENGER VALUES ('100213', 'Balduino', 'Renouf', 'F', TO_DATE( '1988-05-16', 'YYYY-MM-DD'), 8179343410, 'Balduino.Fenouf@gmail.com');
insert into Fall22_S003_12_PASSENGER VALUES ('100214', 'Axel', 'Renoux', 'M', TO_DATE( '1995-02-13', 'YYYY-MM-DD'), 8179343409, 'Axel.Menoux@gmail.com');
insert into Fall22_S003_12_PASSENGER VALUES ('100215', 'Dana', 'Renov', 'M', TO_DATE( '1990-04-12', 'YYYY-MM-DD'), 8179343408, 'Dana.Menov@gmail.com');
insert into Fall22_S003_12_PASSENGER VALUES ('100216', 'Dani', 'Renovales', 'F', TO_DATE( '1998-06-29', 'YYYY-MM-DD'), 8179343407, 'Dani.Fenovales@gmail.com');
insert into Fall22_S003_12_PASSENGER VALUES ('100217', 'Daniel', 'Renovants', 'M', TO_DATE( '1990-10-28', 'YYYY-MM-DD'), 8179343406, 'Daniel.Menovants@gmail.com');
insert into Fall22_S003_12_PASSENGER VALUES ('100218', 'Daniela', 'Renovell', 'M', TO_DATE( '2003-12-06', 'YYYY-MM-DD'), 8179343405, 'Daniela.Menovell@gmail.com');
insert into Fall22_S003_12_PASSENGER VALUES ('100219', 'Danilo', 'Skiera', 'F', TO_DATE( '2001-07-25', 'YYYY-MM-DD'), 8179343404, 'Danilo.Fkiera@gmail.com');
insert into Fall22_S003_12_PASSENGER VALUES ('100220', 'Dansk', 'Skinner', 'M', TO_DATE( '1990-08-06', 'YYYY-MM-DD'), 8179343403, 'Dansk.Mkinner@gmail.com');
insert into Fall22_S003_12_PASSENGER VALUES ('100221', 'Daría', 'Skinner', 'M', TO_DATE( '1986-09-18', 'YYYY-MM-DD'), 8179343402, 'Daría.Mkinner@gmail.com');
insert into Fall22_S003_12_PASSENGER VALUES ('100222', 'Dan', 'Skipper', 'M', TO_DATE( '1986-05-31', 'YYYY-MM-DD'), 8179343401, 'Dan.Mkipper@gmail.com');
insert into Fall22_S003_12_PASSENGER VALUES ('100223', 'Cristóba', 'Skjas', 'M', TO_DATE( '2001-09-03', 'YYYY-MM-DD'), 8179343400, 'Cristóba.Mkjas@gmail.com');
insert into Fall22_S003_12_PASSENGER VALUES ('100224', 'Cristóbal', 'Sklar', 'F', TO_DATE( '2002-05-09', 'YYYY-MM-DD'), 8179343399, 'Cristóbal.Fklar@gmail.com');
insert into Fall22_S003_12_PASSENGER VALUES ('100225', 'Cristal', 'Sklarski', 'F', TO_DATE( '1997-01-24', 'YYYY-MM-DD'), 8179343398, 'Cristal.Fklarski@gmail.com');
insert into Fall22_S003_12_PASSENGER VALUES ('100226', 'Crispo', 'Tasha', 'M', TO_DATE( '2000-05-23', 'YYYY-MM-DD'), 8179343397, 'Crispo.Masha@gmail.com');
insert into Fall22_S003_12_PASSENGER VALUES ('100227', 'Eladio', 'Tasias', 'F', TO_DATE( '1992-03-05', 'YYYY-MM-DD'), 8179343396, 'Eladio.Fasias@gmail.com');
insert into Fall22_S003_12_PASSENGER VALUES ('100228', 'Eleazar', 'Tasies', 'M', TO_DATE( '1992-06-08', 'YYYY-MM-DD'), 8179343395, 'Eleazar.Masies@gmail.com');
insert into Fall22_S003_12_PASSENGER VALUES ('100229', 'Elena', 'Tasker', 'F', TO_DATE( '2001-12-13', 'YYYY-MM-DD'), 8179343394, 'Elena.Fasker@gmail.com');
insert into Fall22_S003_12_PASSENGER VALUES ('100230', 'Eleonor', 'Tasneem', 'M', TO_DATE( '1998-08-11', 'YYYY-MM-DD'), 8179343393, 'Eleonor.Masneem@gmail.com');
insert into Fall22_S003_12_PASSENGER VALUES ('100231', 'Eleonora', 'Tasqueiro', 'M', TO_DATE( '2001-08-13', 'YYYY-MM-DD'), 8179343392, 'Eleonora.Masqueiro@gmail.com');
insert into Fall22_S003_12_PASSENGER VALUES ('100232', 'Elías', 'Tassart', 'F', TO_DATE( '2005-05-12', 'YYYY-MM-DD'), 8179343391, 'Elías.Fassart@gmail.com');
insert into Fall22_S003_12_PASSENGER VALUES ('100233', 'Felipe', 'Tassel', 'M', TO_DATE( '2000-08-03', 'YYYY-MM-DD'), 8179343390, 'Felipe.Massel@gmail.com');
insert into Fall22_S003_12_PASSENGER VALUES ('100234', 'Felisa', 'Tassi', 'M', TO_DATE( '2002-02-02', 'YYYY-MM-DD'), 8179343389, 'Felisa.Massi@gmail.com');
insert into Fall22_S003_12_PASSENGER VALUES ('100235', 'Felix', 'Tassin', 'F', TO_DATE( '2005-03-08', 'YYYY-MM-DD'), 8179343388, 'Felix.Fassin@gmail.com');
insert into Fall22_S003_12_PASSENGER VALUES ('100236', 'Ferdinando', 'Weeber', 'M', TO_DATE( '1987-11-12', 'YYYY-MM-DD'), 8179343387, 'Ferdinando.Meeber@gmail.com');
insert into Fall22_S003_12_PASSENGER VALUES ('100237', 'Fermín', 'Weebers', 'M', TO_DATE( '1991-10-17', 'YYYY-MM-DD'), 8179343386, 'Fermín.Meebers@gmail.com');
insert into Fall22_S003_12_PASSENGER VALUES ('100238', 'Fernán', 'Weeks', 'M', TO_DATE( '1990-04-26', 'YYYY-MM-DD'), 8179343385, 'Fernán.Meeks@gmail.com');
insert into Fall22_S003_12_PASSENGER VALUES ('100239', 'Heinz', 'Weerd', 'M', TO_DATE( '1992-09-13', 'YYYY-MM-DD'), 8179343384, 'Heinz.Meerd@gmail.com');
insert into Fall22_S003_12_PASSENGER VALUES ('100240', 'Gelo', 'Weerth', 'F', TO_DATE( '1994-04-10', 'YYYY-MM-DD'), 8179343383, 'Gelo.Feerth@gmail.com');
insert into Fall22_S003_12_PASSENGER VALUES ('100241', 'Gema', 'Weever', 'F', TO_DATE( '1990-09-30', 'YYYY-MM-DD'), 8179343382, 'Gema.Feever@gmail.com');
insert into Fall22_S003_12_PASSENGER VALUES ('100242', 'Genoveva', 'Weeverink', 'M', TO_DATE( '2001-05-21', 'YYYY-MM-DD'), 8179343381, 'Genoveva.Meeverink@gmail.com');
insert into Fall22_S003_12_PASSENGER VALUES ('100243', 'George', 'Yogo', 'F', TO_DATE( '2002-03-30', 'YYYY-MM-DD'), 8179343380, 'George.Fogo@gmail.com');
insert into Fall22_S003_12_PASSENGER VALUES ('100244', 'Gerardo', 'Yoka', 'M', TO_DATE( '1993-04-29', 'YYYY-MM-DD'), 8179343379, 'Gerardo.Moka@gmail.com');
insert into Fall22_S003_12_PASSENGER VALUES ('100245', 'Germán', 'Yokel', 'F', TO_DATE( '2001-01-29', 'YYYY-MM-DD'), 8179343378, 'Germán.Fokel@gmail.com');
insert into Fall22_S003_12_PASSENGER VALUES ('100246', 'Germáni', 'Yoko', 'M', TO_DATE( '1993-01-09', 'YYYY-MM-DD'), 8179343377, 'Germáni.Moko@gmail.com');
insert into Fall22_S003_12_PASSENGER VALUES ('100247', 'Helga', 'Yola', 'M', TO_DATE( '2001-12-29', 'YYYY-MM-DD'), 8179343376, 'Helga.Mola@gmail.com');
insert into Fall22_S003_12_PASSENGER VALUES ('100248', 'Helen', 'Yolal', 'F', TO_DATE( '1988-02-02', 'YYYY-MM-DD'), 8179343375, 'Helen.Folal@gmail.com');
insert into Fall22_S003_12_PASSENGER VALUES ('100249', 'Helena', 'Yolande', 'M', TO_DATE( '2003-12-09', 'YYYY-MM-DD'), 8179343374, 'Helena.Molande@gmail.com');
insert into Fall22_S003_12_PASSENGER VALUES ('100250', 'Henry', 'Yen', 'M', TO_DATE( '2003-12-15', 'YYYY-MM-DD'), 8179343374, 'Henry.Yen@gmail.com');

--TABLE-2: 
--Fall22_S003_12_DRIVER 
insert into Fall22_S003_12_DRIVER VALUES ('1001', 'Hortensia', 'Aarle', 'F', TO_DATE( '2000-09-05', 'YYYY-MM-DD'), 'Hortensia.Arle@gmail.com');
insert into Fall22_S003_12_DRIVER VALUES ('1002', 'Hosanna', 'Aarns', 'M', TO_DATE( '1996-02-19', 'YYYY-MM-DD'), 'Hosanna.Arns@gmail.com');
insert into Fall22_S003_12_DRIVER VALUES ('1003', 'Hrafn', 'Aaron', 'F', TO_DATE( '1990-07-05', 'YYYY-MM-DD'), 'Hrafn.Aron@gmail.com');
insert into Fall22_S003_12_DRIVER VALUES ('1004', 'Hugo', 'Aaronin', 'F', TO_DATE('1998-06-26', 'YYYY-MM-DD'), 'Hugo.Aronin@gmail.com');
insert into Fall22_S003_12_DRIVER VALUES ('1005', 'Humberto', 'Aaronsen', 'M', TO_DATE( '1996-07-11', 'YYYY-MM-DD'), 'Humberto.Aronsen@gmail.com');
insert into Fall22_S003_12_DRIVER VALUES ('1006', 'Iashodá', 'Aaronson', 'M', TO_DATE( '1987-07-30', 'YYYY-MM-DD'), 'Iashodá.Aronson@gmail.com');
insert into Fall22_S003_12_DRIVER VALUES ('1007', 'Ibrahim', 'Aaronstein', 'M', TO_DATE( '1998-09-24', 'YYYY-MM-DD'), 'Ibrahim.Aronstein@gmail.com');
insert into Fall22_S003_12_DRIVER VALUES ('1008', 'Idoia', 'Aart', 'M', TO_DATE( '2000-09-08', 'YYYY-MM-DD'), 'Idoia.Art@gmail.com');
insert into Fall22_S003_12_DRIVER VALUES ('1009', 'Idoya', 'Aarts', 'M', TO_DATE('1998-10-12', 'YYYY-MM-DD'), 'Idoya.Arts@gmail.com');
insert into Fall22_S003_12_DRIVER VALUES ('1010', 'Ignacio', 'Bahelov', 'F', TO_DATE( '1997-01-27', 'YYYY-MM-DD'), 'Ignacio.Ahelov@gmail.com');
insert into Fall22_S003_12_DRIVER VALUES ('1011', 'Jacinto', 'Bahi', 'F', TO_DATE( '1984-06-11', 'YYYY-MM-DD'), 'Jacinto.Ahi@gmail.com');
insert into Fall22_S003_12_DRIVER VALUES ('1012', 'Jacobo', 'Bahia', 'M', TO_DATE( '1985-02-08', 'YYYY-MM-DD'), 'Jacobo.Ahia@gmail.com');
insert into Fall22_S003_12_DRIVER VALUES ('1013', 'Jacqueline', 'Bahida', 'F', TO_DATE( '1996-05-13', 'YYYY-MM-DD'), 'Jacqueline.Ahida@gmail.com');
insert into Fall22_S003_12_DRIVER VALUES ('1014', 'Jael', 'Bahillo', 'F', TO_DATE( '1990-09-07', 'YYYY-MM-DD'), 'Jael.Ahillo@gmail.com');
insert into Fall22_S003_12_DRIVER VALUES ('1015', 'Jaganatha', 'Bahin', 'F', TO_DATE( '1996-11-16', 'YYYY-MM-DD'), 'Jaganatha.Ahin@gmail.com');
insert into Fall22_S003_12_DRIVER VALUES ('1016', 'Jaime', 'Bahir', 'M', TO_DATE('1985-10-22', 'YYYY-MM-DD'), 'Jaime.Ahir@gmail.com');
insert into Fall22_S003_12_DRIVER VALUES ('1017', 'Jair', 'Bahl', 'M', TO_DATE( '1983-03-14', 'YYYY-MM-DD'), 'Jair.Ahl@gmail.com');
insert into Fall22_S003_12_DRIVER VALUES ('1018', 'Jairo', 'Dadi', 'F', TO_DATE( '1986-04-10', 'YYYY-MM-DD'), 'Jairo.Adi@gmail.com');
insert into Fall22_S003_12_DRIVER VALUES ('1019', 'Jamie', 'Dacasa', 'F', TO_DATE( '1988-11-20', 'YYYY-MM-DD'), 'Jamie.Acasa@gmail.com');
insert into Fall22_S003_12_DRIVER VALUES ('1020', 'Janeth', 'Dacey', 'M', TO_DATE( '1992-10-22', 'YYYY-MM-DD'), 'Janeth.Acey@gmail.com');
insert into Fall22_S003_12_DRIVER VALUES ('1021', 'Janto', 'Dachs', 'M', TO_DATE( '1990-11-18', 'YYYY-MM-DD'), 'Janto.Achs@gmail.com');
insert into Fall22_S003_12_DRIVER VALUES ('1022', 'Jarischandra', 'Daciana', 'F', TO_DATE( '1983-09-21', 'YYYY-MM-DD'), 'Jarischandra.Aciana@gmail.com');
insert into Fall22_S003_12_DRIVER VALUES ('1023', 'Javier', 'Dack', 'F', TO_DATE( '1993-12-22', 'YYYY-MM-DD'), 'Javier.Ack@gmail.com');
insert into Fall22_S003_12_DRIVER VALUES ('1024', 'Javiera', 'Dacosta', 'F', TO_DATE( '1993-03-03', 'YYYY-MM-DD'), 'Javiera.Acosta@gmail.com');
insert into Fall22_S003_12_DRIVER VALUES ('1025', 'Mario', 'Dacosta', 'F', TO_DATE( '1993-03-07', 'YYYY-MM-DD'), 'Mario.Acosta@gmail.com');
insert into Fall22_S003_12_DRIVER VALUES ('1026', 'Kámala', 'Dacuña', 'F', TO_DATE( '1989-09-03', 'YYYY-MM-DD'), 'Kamala.Acuna@gmail.com');
insert into Fall22_S003_12_DRIVER VALUES ('1027', 'Kaede', 'Dada', 'M', TO_DATE( '1987-03-16', 'YYYY-MM-DD'), 'Kaede.Ada@gmail.com');
insert into Fall22_S003_12_DRIVER VALUES ('1028', 'Kailash', 'Hunold', 'F', TO_DATE( '1989-02-24', 'YYYY-MM-DD'), 'Kailash.Unold@gmail.com');
insert into Fall22_S003_12_DRIVER VALUES ('1029', 'Kali', 'Hunov', 'M', TO_DATE( '1986-05-31', 'YYYY-MM-DD'), 'Kali.Unov@gmail.com');
insert into Fall22_S003_12_DRIVER VALUES ('1030', 'Kalidasa', 'Hunt', 'M', TO_DATE( '1981-12-31', 'YYYY-MM-DD'), 'Kalidasa.Unt@gmail.com');
insert into Fall22_S003_12_DRIVER VALUES ('1031', 'Kamalátmika', 'Hunter', 'M', TO_DATE( '1990-11-17', 'YYYY-MM-DD'), 'Kamalatmika.Unter@gmail.com');
insert into Fall22_S003_12_DRIVER VALUES ('1032', 'Kapila', 'Hunth', 'F', TO_DATE( '1998-09-27', 'YYYY-MM-DD'), 'Kapila.Unth@gmail.com');
insert into Fall22_S003_12_DRIVER VALUES ('1033', 'Kardama', 'Hunziker', 'F', TO_DATE( '1998-04-17', 'YYYY-MM-DD'), 'Kardama.Unziker@gmail.com');
insert into Fall22_S003_12_DRIVER VALUES ('1034', 'Karen', 'Huo', 'M', TO_DATE( '1982-02-16', 'YYYY-MM-DD'), 'Karen.Uo@gmail.com');
insert into Fall22_S003_12_DRIVER VALUES ('1035', 'Karina', 'Huon', 'M', TO_DATE( '1998-11-23', 'YYYY-MM-DD'), 'Karina.Uon@gmail.com');
insert into Fall22_S003_12_DRIVER VALUES ('1036', 'Karttikeya', 'Huonker', 'F', TO_DATE( '1982-12-23', 'YYYY-MM-DD'), 'Karttikeya.Uonker@gmail.com');
insert into Fall22_S003_12_DRIVER VALUES ('1037', 'Kavi', 'Huot', 'M', TO_DATE( '2000-05-03', 'YYYY-MM-DD'), 'Kavi.Uot@gmail.com');
insert into Fall22_S003_12_DRIVER VALUES ('1038', 'Kirara', 'Langton', 'F', TO_DATE( '1987-10-24', 'YYYY-MM-DD'), 'Kirara.Angton@gmail.com');
insert into Fall22_S003_12_DRIVER VALUES ('1039', 'Kumiko', 'Langwasser', 'M', TO_DATE( '1987-10-29', 'YYYY-MM-DD'), 'Kumiko.Angwasser@gmail.com');
insert into Fall22_S003_12_DRIVER VALUES ('1040', 'Kundalini', 'Lanham', 'F', TO_DATE( '1997-05-25', 'YYYY-MM-DD'), 'Kundalini.Anham@gmail.com');
insert into Fall22_S003_12_DRIVER VALUES ('1041', 'Kuntí', 'Lank', 'M', TO_DATE( '2000-02-04', 'YYYY-MM-DD'), 'Kuntí.Ank@gmail.com');
insert into Fall22_S003_12_DRIVER VALUES ('1042', 'Lázaro', 'Lanka', 'M', TO_DATE( '1990-06-11', 'YYYY-MM-DD'), 'Lázaro.Anka@gmail.com');
insert into Fall22_S003_12_DRIVER VALUES ('1043', 'Lía', 'Lanke', 'M', TO_DATE( '1994-03-02', 'YYYY-MM-DD'), 'Lía.Anke@gmail.com');
insert into Fall22_S003_12_DRIVER VALUES ('1044', 'Marcelo', 'Lankide', 'M', TO_DATE( '1982-09-21', 'YYYY-MM-DD'), 'Marcelo.Ankide@gmail.com');
insert into Fall22_S003_12_DRIVER VALUES ('1045', 'Manuel', 'Lanni', 'M', TO_DATE( '1981-10-26', 'YYYY-MM-DD'), 'Manuel.Anni@gmail.com');
insert into Fall22_S003_12_DRIVER VALUES ('1046', 'Manuela', 'Modi', 'F', TO_DATE( '1999-06-05', 'YYYY-MM-DD'), 'Manuela.Odi@gmail.com');
insert into Fall22_S003_12_DRIVER VALUES ('1047', 'María', 'Mlechin', 'F', TO_DATE( '1994-08-21', 'YYYY-MM-DD'), 'María.Lechin@gmail.com');
insert into Fall22_S003_12_DRIVER VALUES ('1048', 'Mar', 'Mliss', 'M', TO_DATE( '1997-02-03', 'YYYY-MM-DD'), 'Mar.Liss@gmail.com');
insert into Fall22_S003_12_DRIVER VALUES ('1049', 'Marcela', 'Mlodik', 'M', TO_DATE( '1991-10-23', 'YYYY-MM-DD'), 'Marcela.Lodik@gmail.com');
insert into Fall22_S003_12_DRIVER VALUES ('1050', 'Marcel', 'Hunt', 'M', TO_DATE( '1990-10-25', 'YYYY-MM-DD'), 'Marcel.Hunt@gmail.com');

--TABLE-3: 
--Fall22_S003_12_DRIVER_PHONE 
insert into Fall22_S003_12_DRIVER_PHONE VALUES ('1001', 8189262622);
insert into Fall22_S003_12_DRIVER_PHONE VALUES ('1002', 8189262623);
insert into Fall22_S003_12_DRIVER_PHONE VALUES ('1003', 8189262624);
insert into Fall22_S003_12_DRIVER_PHONE VALUES ('1004', 8189262625);
insert into Fall22_S003_12_DRIVER_PHONE VALUES ('1005', 8189262626);
insert into Fall22_S003_12_DRIVER_PHONE VALUES ('1006', 8189262627);
insert into Fall22_S003_12_DRIVER_PHONE VALUES ('1007', 8189262628);
insert into Fall22_S003_12_DRIVER_PHONE VALUES ('1008', 8189262629);
insert into Fall22_S003_12_DRIVER_PHONE VALUES ('1009', 8189262630);
insert into Fall22_S003_12_DRIVER_PHONE VALUES ('1010', 8189262631);
insert into Fall22_S003_12_DRIVER_PHONE VALUES ('1011', 8189262632);
insert into Fall22_S003_12_DRIVER_PHONE VALUES ('1012', 8189262633);
insert into Fall22_S003_12_DRIVER_PHONE VALUES ('1013', 8189262634);
insert into Fall22_S003_12_DRIVER_PHONE VALUES ('1014', 8189262635);
insert into Fall22_S003_12_DRIVER_PHONE VALUES ('1015', 8189262636);
insert into Fall22_S003_12_DRIVER_PHONE VALUES ('1016', 8189262637);
insert into Fall22_S003_12_DRIVER_PHONE VALUES ('1017', 8189262638);
insert into Fall22_S003_12_DRIVER_PHONE VALUES ('1018', 8189262639);
insert into Fall22_S003_12_DRIVER_PHONE VALUES ('1019', 8189262640);
insert into Fall22_S003_12_DRIVER_PHONE VALUES ('1020', 8189262641);
insert into Fall22_S003_12_DRIVER_PHONE VALUES ('1021', 8189262642);
insert into Fall22_S003_12_DRIVER_PHONE VALUES ('1022', 8189262643);
insert into Fall22_S003_12_DRIVER_PHONE VALUES ('1023', 8189262644);
insert into Fall22_S003_12_DRIVER_PHONE VALUES ('1024', 8189262645);
insert into Fall22_S003_12_DRIVER_PHONE VALUES ('1025', 8189262646);
insert into Fall22_S003_12_DRIVER_PHONE VALUES ('1026', 8189262647);
insert into Fall22_S003_12_DRIVER_PHONE VALUES ('1027', 8189262648);
insert into Fall22_S003_12_DRIVER_PHONE VALUES ('1028', 8189262649);
insert into Fall22_S003_12_DRIVER_PHONE VALUES ('1029', 8189262650);
insert into Fall22_S003_12_DRIVER_PHONE VALUES ('1030', 8189262651);
insert into Fall22_S003_12_DRIVER_PHONE VALUES ('1031', 8189262652);
insert into Fall22_S003_12_DRIVER_PHONE VALUES ('1032', 8189262653);
insert into Fall22_S003_12_DRIVER_PHONE VALUES ('1033', 8189262654);
insert into Fall22_S003_12_DRIVER_PHONE VALUES ('1034', 8189262655);
insert into Fall22_S003_12_DRIVER_PHONE VALUES ('1035', 8189262656);
insert into Fall22_S003_12_DRIVER_PHONE VALUES ('1036', 8189262657);
insert into Fall22_S003_12_DRIVER_PHONE VALUES ('1037', 8189262658);
insert into Fall22_S003_12_DRIVER_PHONE VALUES ('1038', 8189262659);
insert into Fall22_S003_12_DRIVER_PHONE VALUES ('1039', 8189262660);
insert into Fall22_S003_12_DRIVER_PHONE VALUES ('1040', 8189262661);
insert into Fall22_S003_12_DRIVER_PHONE VALUES ('1041', 8189262662);
insert into Fall22_S003_12_DRIVER_PHONE VALUES ('1042', 8189262663);
insert into Fall22_S003_12_DRIVER_PHONE VALUES ('1043', 8189262664);
insert into Fall22_S003_12_DRIVER_PHONE VALUES ('1044', 8189262665);
insert into Fall22_S003_12_DRIVER_PHONE VALUES ('1045', 8189262666);
insert into Fall22_S003_12_DRIVER_PHONE VALUES ('1046', 8189262667);
insert into Fall22_S003_12_DRIVER_PHONE VALUES ('1047', 8189262668);
insert into Fall22_S003_12_DRIVER_PHONE VALUES ('1048', 8189262669);
insert into Fall22_S003_12_DRIVER_PHONE VALUES ('1049', 8189262670);
insert into Fall22_S003_12_DRIVER_PHONE VALUES ('1050', 8189262671);


--TABLE-4: 
--Fall22_S003_12_VEHICLE 
insert into Fall22_S003_12_VEHICLE VALUES ('76519', 'Honda', 'Fit', 'Black', '1001');
insert into Fall22_S003_12_VEHICLE VALUES ('12322', 'Ford', 'Focus', 'White', '1002');
insert into Fall22_S003_12_VEHICLE VALUES ('53159','Toyota', 'Camry', 'Blue', '1003');
insert into Fall22_S003_12_VEHICLE VALUES ('26341', 'Chevrolet', 'Impala', 'Red', '1004');
insert into Fall22_S003_12_VEHICLE VALUES ('40426', 'Hyndai', 'Elantra', 'Silver', '1005');
insert into Fall22_S003_12_VEHICLE VALUES ('45459', 'Nissan', 'Altima', 'Black', '1006');
insert into Fall22_S003_12_VEHICLE VALUES ('35673', 'Acura', 'Integra', 'White', '1007');
insert into Fall22_S003_12_VEHICLE VALUES ('54153', 'Mazda', 'Cx3', 'Grey', '1008');
insert into Fall22_S003_12_VEHICLE VALUES ('21623', 'Volkswagen', 'Passat', 'Teal Gray', '1009');
insert into Fall22_S003_12_VEHICLE VALUES ('02867', 'Fiat', '500X', 'Mustard', '1010');
insert into Fall22_S003_12_VEHICLE VALUES ('81077', 'Acura', 'Ilx', 'Pearl Red', '1011');
insert into Fall22_S003_12_VEHICLE VALUES ('94911', 'Kia', 'Stinger', 'Sub lime', '1012');
insert into Fall22_S003_12_VEHICLE VALUES ('83544', 'Infiniti', 'Q50', 'Silver', '1013');
insert into Fall22_S003_12_VEHICLE VALUES ('71613', 'Lexus', 'ES 300H', 'Gold', '1014');
insert into Fall22_S003_12_VEHICLE VALUES ('02106', 'Cadillac', 'CT4', 'Copperhead', '1015');
insert into Fall22_S003_12_VEHICLE VALUES ('30682', 'Dodge', 'Charger', 'Brown', '1016');
insert into Fall22_S003_12_VEHICLE VALUES ('14397', 'Mazda', '3', 'Black', '1017');
insert into Fall22_S003_12_VEHICLE VALUES ('88196', 'Kia', 'Optima', 'IH Red', '1018');
insert into Fall22_S003_12_VEHICLE VALUES ('65121', 'Toyota', 'Corolla', 'Sky Blue', '1019');
insert into Fall22_S003_12_VEHICLE VALUES ('49246', 'Volkswagen', 'Jetta', 'Black Ice', '1020');
insert into Fall22_S003_12_VEHICLE VALUES ('34621', 'Chevrolet', 'Cruze', 'Green', '1021');
insert into Fall22_S003_12_VEHICLE VALUES ('30961', 'Honda', 'Accord', 'Grey', '1022');
insert into Fall22_S003_12_VEHICLE VALUES ('04889', 'Toyota', 'Prius', 'Mocha Red', '1023');
insert into Fall22_S003_12_VEHICLE VALUES ('01815', 'Hyndai', 'Sonata', 'Silver', '1024');
insert into Fall22_S003_12_VEHICLE VALUES ('27724', 'Acura', 'Tlx', 'Sapphire', '1025');
insert into Fall22_S003_12_VEHICLE VALUES ('46738', 'Cadillac', 'XT5', 'Metal', '1026');
insert into Fall22_S003_12_VEHICLE VALUES ('66597', 'Ford', 'Fusion', 'Red Flame', '1027');
insert into Fall22_S003_12_VEHICLE VALUES ('02655', 'Honda', 'Civic','Red Gold', '1028');
insert into Fall22_S003_12_VEHICLE VALUES ('13295', 'Infiniti', 'Q70', 'Blue Steel', '1029');
insert into Fall22_S003_12_VEHICLE VALUES ('44251', 'Volkswagen', 'Arteon', 'Silver', '1030');
insert into Fall22_S003_12_VEHICLE VALUES ('86852', 'Nissan', 'Maxima','Matt Red', '1031');
insert into Fall22_S003_12_VEHICLE VALUES ('85231', 'Dodge', 'Challenger', 'Blue', '1032');
insert into Fall22_S003_12_VEHICLE VALUES ('97201', 'Toyota', 'Yaris', 'Alien Blue', '1033');
insert into Fall22_S003_12_VEHICLE VALUES ('31669', 'Fiat', 'Panda', 'Black', '1034');
insert into Fall22_S003_12_VEHICLE VALUES ('07635', 'Kia', 'Forte', 'Aqua Blue', '1035');
insert into Fall22_S003_12_VEHICLE VALUES ('95661', 'Chevrolet', 'Spark', 'Champagne', '1036');
insert into Fall22_S003_12_VEHICLE VALUES ('77007', 'Volkswagen', 'Golf', 'Coffee', '1037');
insert into Fall22_S003_12_VEHICLE VALUES ('74491', 'Infiniti', 'Qx50', 'Copper', '1038');
insert into Fall22_S003_12_VEHICLE VALUES ('95341', 'Hyndai', 'Verna', 'Green', '1039');
insert into Fall22_S003_12_VEHICLE VALUES ('58856', 'Nissan', 'Sentra', 'Fawn', '1040');
insert into Fall22_S003_12_VEHICLE VALUES ('60842', 'Honda', 'Insight', 'Fire Red', '1041');
insert into Fall22_S003_12_VEHICLE VALUES ('20427', 'Mazda', 'Cx9', 'Frost Blue', '1042');
insert into Fall22_S003_12_VEHICLE VALUES ('04445', 'Acura', 'Rlx', 'Titanium', '1043');
insert into Fall22_S003_12_VEHICLE VALUES ('56138', 'Kia', 'Sportage', 'Gun Metal', '1044');
insert into Fall22_S003_12_VEHICLE VALUES ('21204', 'Toyota', 'Avalon', 'Peach', '1045');
insert into Fall22_S003_12_VEHICLE VALUES ('78319', 'Honda', 'Odyssey', 'Red Gold', '1046');
insert into Fall22_S003_12_VEHICLE VALUES ('84697', 'Volkswagen', 'Taos', 'Teal Blue', '1047');
insert into Fall22_S003_12_VEHICLE VALUES ('95768', 'Ford', 'Taurus', 'Teal', '1048');
insert into Fall22_S003_12_VEHICLE VALUES ('90032', 'Hyndai', 'Accent', 'Frost Red', '1049');
insert into Fall22_S003_12_VEHICLE VALUES ('58766', 'Nissan', 'Sentra', 'Peach', '1050');

--TABLE-5: 
--Fall22_S003_12_PAYMENT 
insert into Fall22_S003_12_PAYMENT VALUES ('702021', 001042669803, TO_DATE('2023/02','YYYY/MM') , '100201');
insert into Fall22_S003_12_PAYMENT VALUES ('713807', 036641874831, TO_DATE('2025/11','YYYY/MM') , '100202');
insert into Fall22_S003_12_PAYMENT VALUES ('270044', 933613410524, TO_DATE('2024/05','YYYY/MM') , '100203'); 
insert into Fall22_S003_12_PAYMENT VALUES ('295801', 310346037085, TO_DATE('2027/07','YYYY/MM') , '100204');
insert into Fall22_S003_12_PAYMENT VALUES ('196894', 799845185625, TO_DATE('2024/09','YYYY/MM') , '100205');
insert into Fall22_S003_12_PAYMENT VALUES ('663855', 614415127118, TO_DATE('2023/12','YYYY/MM') , '100206');
insert into Fall22_S003_12_PAYMENT VALUES ('527939', 349208714795, TO_DATE('2028/02','YYYY/MM') , '100207');
insert into Fall22_S003_12_PAYMENT VALUES ('493073', 648111390256, TO_DATE('2026/01','YYYY/MM') , '100208');
insert into Fall22_S003_12_PAYMENT VALUES ('149723', 289388237787, TO_DATE('2023/05','YYYY/MM') , '100209');
insert into Fall22_S003_12_PAYMENT VALUES ('294980', 312780426027, TO_DATE('2024/08','YYYY/MM') , '100210');
insert into Fall22_S003_12_PAYMENT VALUES ('843277', 732316420653, TO_DATE('2027/03','YYYY/MM') , '100211'); 
insert into Fall22_S003_12_PAYMENT VALUES ('364547', 289453838245, TO_DATE('2023/11','YYYY/MM') , '100212');
insert into Fall22_S003_12_PAYMENT VALUES ('152710', 144854419333, TO_DATE('2026/02','YYYY/MM') , '100213');
insert into Fall22_S003_12_PAYMENT VALUES ('624742', 152474493511, TO_DATE('2024/06','YYYY/MM') , '100214'); 
insert into Fall22_S003_12_PAYMENT VALUES ('498160', 323225468301, TO_DATE('2025/04','YYYY/MM') , '100215');
insert into Fall22_S003_12_PAYMENT VALUES ('468017', 593417535284, TO_DATE('2023/09','YYYY/MM') , '100216');
insert into Fall22_S003_12_PAYMENT VALUES ('109229', 881555862561, TO_DATE('2027/03','YYYY/MM') , '100217'); 
insert into Fall22_S003_12_PAYMENT VALUES ('169281', 109232913279, TO_DATE('2024/07','YYYY/MM') , '100218'); 
insert into Fall22_S003_12_PAYMENT VALUES ('892655', 721520075631, TO_DATE('2026/08','YYYY/MM') , '100219');
insert into Fall22_S003_12_PAYMENT VALUES ('254447', 160208550596, TO_DATE('2025/03','YYYY/MM') , '100220');
insert into Fall22_S003_12_PAYMENT VALUES ('564420', 135301627490, TO_DATE('2023/11','YYYY/MM') , '100221'); 
insert into Fall22_S003_12_PAYMENT VALUES ('536152', 729206762914, TO_DATE('2022/12','YYYY/MM') , '100222');
insert into Fall22_S003_12_PAYMENT VALUES ('391136', 784945907138, TO_DATE('2027/05','YYYY/MM') , '100223'); 
insert into Fall22_S003_12_PAYMENT VALUES ('591166', 233233786786, TO_DATE('2028/06','YYYY/MM') , '100224'); 
insert into Fall22_S003_12_PAYMENT VALUES ('384282', 405022128100, TO_DATE('2024/09','YYYY/MM') , '100225'); 
insert into Fall22_S003_12_PAYMENT VALUES ('985981', 806172862504, TO_DATE('2025/02','YYYY/MM') , '100226');
insert into Fall22_S003_12_PAYMENT VALUES ('203754', 678882815047, TO_DATE('2023/10','YYYY/MM') , '100227'); 
insert into Fall22_S003_12_PAYMENT VALUES ('261721', 396522784440, TO_DATE('2027/03','YYYY/MM') , '100228'); 
insert into Fall22_S003_12_PAYMENT VALUES ('662354', 463572794957, TO_DATE('2024/12','YYYY/MM') , '100229'); 
insert into Fall22_S003_12_PAYMENT VALUES ('916500', 701008007268, TO_DATE('2025/08','YYYY/MM') , '100230');
insert into Fall22_S003_12_PAYMENT VALUES ('770497', 013288559306, TO_DATE('2028/01','YYYY/MM') , '100231'); 
insert into Fall22_S003_12_PAYMENT VALUES ('371860', 341654778064, TO_DATE('2023/12','YYYY/MM') , '100232');
insert into Fall22_S003_12_PAYMENT VALUES ('241862', 965145300389, TO_DATE('2026/05','YYYY/MM') , '100233'); 
insert into Fall22_S003_12_PAYMENT VALUES ('581679', 621028701136, TO_DATE('2027/03','YYYY/MM') , '100234'); 
insert into Fall22_S003_12_PAYMENT VALUES ('483179', 973773206325, TO_DATE('2024/11','YYYY/MM') , '100235'); 
insert into Fall22_S003_12_PAYMENT VALUES ('775923', 249276342077, TO_DATE('2025/09','YYYY/MM') , '100236'); 
insert into Fall22_S003_12_PAYMENT VALUES ('270065', 799133661861, TO_DATE('2023/06','YYYY/MM') , '100237'); 
insert into Fall22_S003_12_PAYMENT VALUES ('238985', 890191452095, TO_DATE('2026/02','YYYY/MM') , '100238'); 
insert into Fall22_S003_12_PAYMENT VALUES ('460483', 324093088230, TO_DATE('2024/07','YYYY/MM') , '100239');
insert into Fall22_S003_12_PAYMENT VALUES ('543208', 757065801544, TO_DATE('2027/04','YYYY/MM') , '100240');
insert into Fall22_S003_12_PAYMENT VALUES ('277995', 314050983700, TO_DATE('2023/01','YYYY/MM') , '100241');
insert into Fall22_S003_12_PAYMENT VALUES ('143642', 167822397432, TO_DATE('2026/09','YYYY/MM') , '100242'); 
insert into Fall22_S003_12_PAYMENT VALUES ('362083', 088347464006, TO_DATE('2024/02','YYYY/MM') , '100243'); 
insert into Fall22_S003_12_PAYMENT VALUES ('887129', 804376128714, TO_DATE('2025/03','YYYY/MM') , '100244'); 
insert into Fall22_S003_12_PAYMENT VALUES ('113316', 459913602105, TO_DATE('2027/11','YYYY/MM') , '100245');
insert into Fall22_S003_12_PAYMENT VALUES ('136966', 809896500937, TO_DATE('2023/08','YYYY/MM') , '100246'); 
insert into Fall22_S003_12_PAYMENT VALUES ('796095', 581996202669, TO_DATE('2026/05','YYYY/MM') , '100247');
insert into Fall22_S003_12_PAYMENT VALUES ('523911', 018650446457, TO_DATE('2025/02','YYYY/MM') , '100248'); 
insert into Fall22_S003_12_PAYMENT VALUES ('245271', 532486594215, TO_DATE('2024/01','YYYY/MM') , '100249'); 
insert into Fall22_S003_12_PAYMENT VALUES ('300089', 532556596512, TO_DATE('2024/07','YYYY/MM') , '100250'); 

--TABLE-6: 
--Fall22_S003_12_BOOKING 
insert into Fall22_S003_12_BOOKING values ('BK01','Addison',88466,'Plano',82873,77.23,'702021','100201',TO_DATE('2023-02-04','YYYY-MM-DD'),TO_DATE('2023-02-04 15:08:00','YYYY-MM-DD HH24:MI:SS'),2,1001);
insert into Fall22_S003_12_BOOKING values ('BK02','Coppell',76640,'Garland',51287,44.77,'713807','100202',TO_DATE('2023-02-05','YYYY-MM-DD'),TO_DATE('2023-02-05 19:00:00' ,'YYYY-MM-DD HH24:MI:SS'),4,1002);
insert into Fall22_S003_12_BOOKING values ('BK03','Frisco',21315,'Irving',66392,57.25,'270044','100203',TO_DATE('2023-02-06','YYYY-MM-DD') ,TO_DATE('2023-02-06 18:22:00','YYYY-MM-DD HH24:MI:SS') ,2,1003);
insert into Fall22_S003_12_BOOKING values ('BK04','Grapevine',25337,'Addison',88466,47.23,'295801','100204',TO_DATE('2023-02-07','YYYY-MM-DD') ,TO_DATE('2023-02-07 07:46:00','YYYY-MM-DD HH24:MI:SS') ,2,1004);
insert into Fall22_S003_12_BOOKING values ('BK05','Richardson',25670,'Coppell',76640,3.15,'196894','100205',TO_DATE('2023-02-08','YYYY-MM-DD'),TO_DATE('2023-02-08 14:31:00','YYYY-MM-DD HH24:MI:SS') ,3,1005);
insert into Fall22_S003_12_BOOKING values ('BK06','Farmers Branch',25286,'Frisco',21315,21.79,'663855','100206',TO_DATE('2023-02-09','YYYY-MM-DD') ,TO_DATE('2023-02-09 08:25:00','YYYY-MM-DD HH24:MI:SS') ,1,1006);
insert into Fall22_S003_12_BOOKING values ('BK07','Arlington',47572,'Grapevine',25337,86.46,'527939','100207',TO_DATE('2023-02-10' ,'YYYY-MM-DD'),TO_DATE('2023-02-10 02:04:00','YYYY-MM-DD HH24:MI:SS') ,1,1007);
insert into Fall22_S003_12_BOOKING values ('BK08','Plano',82873,'Richardson',25670,52.6,'493073','100208',TO_DATE('2023-02-11','YYYY-MM-DD') ,TO_DATE('2023-02-11 00:10:00','YYYY-MM-DD HH24:MI:SS') ,4,1008);
insert into Fall22_S003_12_BOOKING values ('BK09','Garland',51287,'Farmers Branch',25286,51.8,'149723','100209',TO_DATE('2023-02-12','YYYY-MM-DD') ,TO_DATE('2023-02-12 07:12:00','YYYY-MM-DD HH24:MI:SS') ,4,1009);
insert into Fall22_S003_12_BOOKING values ('BK10','Irving',66392,'Arlington',47572,90.48,'294980','100210',TO_DATE('2023-02-13' ,'YYYY-MM-DD'),TO_DATE('2023-02-13 22:35:00','YYYY-MM-DD HH24:MI:SS') ,2,1010);
insert into Fall22_S003_12_BOOKING values ('BK11','Addison',88466,'Plano',82873,44.28,'843277','100211',TO_DATE('2023-02-14','YYYY-MM-DD') ,TO_DATE('2023-02-14 22:17:00','YYYY-MM-DD HH24:MI:SS') ,4,1011);
insert into Fall22_S003_12_BOOKING values ('BK12','Coppell',76640,'Plano',82873,73.88,'364547','100212',TO_DATE('2023-02-15','YYYY-MM-DD') ,TO_DATE('2023-02-15 19:01:00','YYYY-MM-DD HH24:MI:SS') ,3,1012);
insert into Fall22_S003_12_BOOKING values ('BK13','Frisco',21315,'Garland',51287,72.12,'152710','100213',TO_DATE('2023-02-16','YYYY-MM-DD') ,TO_DATE('2023-02-16 19:45:00','YYYY-MM-DD HH24:MI:SS') ,1,1013);
insert into Fall22_S003_12_BOOKING values ('BK14','Grapevine',25337,'Irving',66392,41.48,'624742','100214',TO_DATE('2023-02-17','YYYY-MM-DD') ,TO_DATE('2023-02-17 02:36:00','YYYY-MM-DD HH24:MI:SS') ,3,1014);
insert into Fall22_S003_12_BOOKING values ('BK15','Richardson',25670,'Addison',88466,61.79,'498160','100215',TO_DATE('2023-02-18','YYYY-MM-DD') ,TO_DATE('2023-02-18 23:48:00','YYYY-MM-DD HH24:MI:SS') ,3,1015);
insert into Fall22_S003_12_BOOKING values ('BK16','Farmers Branch',25286,'Coppell',76640,41.78,'468017','100216',TO_DATE('2023-02-19','YYYY-MM-DD') ,TO_DATE('2023-02-19 21:09:00','YYYY-MM-DD HH24:MI:SS') ,2,1016);
insert into Fall22_S003_12_BOOKING values ('BK17','Arlington',47572,'Frisco',21315,7.78,'109229','100217',TO_DATE('2023-05-20','YYYY-MM-DD') ,TO_DATE('2023-05-20 11:54:00','YYYY-MM-DD HH24:MI:SS') ,2,1017);
insert into Fall22_S003_12_BOOKING values ('BK18','Plano',82873,'Grapevine',25337,31.73,'169281','100218',TO_DATE('2023-02-21' ,'YYYY-MM-DD'),TO_DATE('2023-02-21 14:36:00','YYYY-MM-DD HH24:MI:SS') ,3,1018);
insert into Fall22_S003_12_BOOKING values ('BK19','Garland',51287,'Richardson',25670,27.86,'892655','100219',TO_DATE('2023-02-22','YYYY-MM-DD') ,TO_DATE('2023-02-22 09:42:00','YYYY-MM-DD HH24:MI:SS') ,2,1019);
insert into Fall22_S003_12_BOOKING values ('BK20','Irving',66392,'Farmers Branch',25286,54.83,'254447','100220',TO_DATE('2023-02-23','YYYY-MM-DD'),TO_DATE('2023-02-23 23:40:00','YYYY-MM-DD HH24:MI:SS') ,3,1020);
insert into Fall22_S003_12_BOOKING values ('BK21','Addison',88466,'Arlington',47572,15.69,'564420','100221',TO_DATE('2023-02-24','YYYY-MM-DD') ,TO_DATE('2023-02-24 02:17:00','YYYY-MM-DD HH24:MI:SS') ,4,1021);
insert into Fall22_S003_12_BOOKING values ('BK22','Coppell',76640,'Plano',82873,26.45,'536152','100222',TO_DATE('2023-02-25','YYYY-MM-DD') ,TO_DATE('2023-02-25 10:17:00','YYYY-MM-DD HH24:MI:SS') ,2,1022);
insert into Fall22_S003_12_BOOKING values ('BK23','Frisco',21315,'Plano',82873,70.07,'391136','100223',TO_DATE('2023-02-26','YYYY-MM-DD') ,TO_DATE('2023-02-26 00:16:00','YYYY-MM-DD HH24:MI:SS') ,2,1023);
insert into Fall22_S003_12_BOOKING values ('BK24','Grapevine',25337,'Garland',51287,22.37,'591166','100224',TO_DATE('2023-02-27','YYYY-MM-DD') ,TO_DATE('2023-02-27 22:29:00','YYYY-MM-DD HH24:MI:SS') ,4,1024);
insert into Fall22_S003_12_BOOKING values ('BK25','Richardson',25670,'Irving',66392,80.19,'384282','100225',TO_DATE('2023-02-28','YYYY-MM-DD') ,TO_DATE('2023-02-28 23:37:00','YYYY-MM-DD HH24:MI:SS') ,3,1025);
insert into Fall22_S003_12_BOOKING values ('BK26','Farmers Branch',25286,'Addison',88466,94.52,'985981','100226',TO_DATE('2023-03-01','YYYY-MM-DD') ,TO_DATE('2023-03-01 22:10:00','YYYY-MM-DD HH24:MI:SS') ,4,1026);
insert into Fall22_S003_12_BOOKING values ('BK27','Arlington',47572,'Coppell',76640,4.43,'203754','100227',TO_DATE('2023-03-02','YYYY-MM-DD') ,TO_DATE('2023-03-02 19:50:00','YYYY-MM-DD HH24:MI:SS') ,1,1027);
insert into Fall22_S003_12_BOOKING values ('BK28','Plano',82873,'Frisco',21315,50.22,'261721','100228',TO_DATE('2023-03-03','YYYY-MM-DD') ,TO_DATE('2023-03-03 11:02:00','YYYY-MM-DD HH24:MI:SS') ,2,1028);
insert into Fall22_S003_12_BOOKING values ('BK29','Garland',51287,'Grapevine',25337,23.03,'662354','100229',TO_DATE('2023-03-04','YYYY-MM-DD') ,TO_DATE('2023-03-04 07:17:00','YYYY-MM-DD HH24:MI:SS') ,1,1029);
insert into Fall22_S003_12_BOOKING values ('BK30','Irving',66392,'Richardson',25670,78.44,'916500','100230',TO_DATE('2023-03-05','YYYY-MM-DD') ,TO_DATE('2023-03-05 19:27:00','YYYY-MM-DD HH24:MI:SS') ,2,1030);
insert into Fall22_S003_12_BOOKING values ('BK31','Addison',88466,'Farmers Branch',25286,47.77,'770497','100231',TO_DATE('2023-03-06','YYYY-MM-DD') ,TO_DATE('2023-03-06 12:50:00','YYYY-MM-DD HH24:MI:SS') ,2,1031);
insert into Fall22_S003_12_BOOKING values ('BK32','Coppell',76640,'Arlington',47572,29.8,'371860','100232',TO_DATE('2023-03-07','YYYY-MM-DD') ,TO_DATE('2023-03-07 06:17:00','YYYY-MM-DD HH24:MI:SS') ,1,1032);
insert into Fall22_S003_12_BOOKING values ('BK33','Frisco',21315,'Plano',82873,71.63,'241862','100233',TO_DATE('2023-05-08','YYYY-MM-DD') ,TO_DATE('2023-05-08 17:55:00','YYYY-MM-DD HH24:MI:SS') ,3,1033);
insert into Fall22_S003_12_BOOKING values ('BK34','Grapevine',25337,'Plano',82873,57.26,'581679','100234',TO_DATE('2023-03-09','YYYY-MM-DD') ,TO_DATE('2023-03-09 20:36:00','YYYY-MM-DD HH24:MI:SS') ,4,1034);
insert into Fall22_S003_12_BOOKING values ('BK35','Richardson',25670,'Garland',51287,12.58,'483179','100235',TO_DATE('2023-03-10','YYYY-MM-DD') ,TO_DATE('2023-03-10 05:43:00','YYYY-MM-DD HH24:MI:SS') ,3,1035);
insert into Fall22_S003_12_BOOKING values ('BK36','Farmers Branch',25286,'Irving',66392,93.05,'775923','100236',TO_DATE('2023-03-11','YYYY-MM-DD') ,TO_DATE('2023-03-11 07:00:00','YYYY-MM-DD HH24:MI:SS') ,4,1036);
insert into Fall22_S003_12_BOOKING values ('BK37','Arlington',47572,'Addison',88466,76.76,'270065','100237',TO_DATE('2023-03-12','YYYY-MM-DD') ,TO_DATE('2023-03-12 07:49:00','YYYY-MM-DD HH24:MI:SS') ,1,1037);
insert into Fall22_S003_12_BOOKING values ('BK38','Plano',82873,'Coppell',76640,86.13,'238985','100238',TO_DATE('2023-03-13','YYYY-MM-DD') ,TO_DATE('2023-03-13 20:07:00','YYYY-MM-DD HH24:MI:SS') ,2,1038);
insert into Fall22_S003_12_BOOKING values ('BK39','Garland',51287,'Frisco',21315,28.29,'460483','100239',TO_DATE('2023-03-14','YYYY-MM-DD') ,TO_DATE('2023-03-14 14:40:00','YYYY-MM-DD HH24:MI:SS') ,2,1039);
insert into Fall22_S003_12_BOOKING values ('BK40','Irving',66392,'Grapevine',25337,79.78,'543208','100240',TO_DATE('2023-03-15','YYYY-MM-DD') ,TO_DATE('2023-03-15 23:49:00','YYYY-MM-DD HH24:MI:SS') ,2,1040);
insert into Fall22_S003_12_BOOKING values ('BK41','Addison',88466,'Richardson',25670,82.93,'277995','100241',TO_DATE('2023-03-16','YYYY-MM-DD') ,TO_DATE('2023-03-16 02:23:00','YYYY-MM-DD HH24:MI:SS') ,1,1041);
insert into Fall22_S003_12_BOOKING values ('BK42','Coppell',76640,'Farmers Branch',25286,32.01,'143642','100242',TO_DATE('2023-03-17','YYYY-MM-DD') ,TO_DATE('2023-03-17 16:44:00','YYYY-MM-DD HH24:MI:SS') ,2,1042);
insert into Fall22_S003_12_BOOKING values ('BK43','Frisco',21315,'Arlington',47572,27.19,'362083','100243',TO_DATE('2023-03-18','YYYY-MM-DD') ,TO_DATE('2023-03-18 17:42:00','YYYY-MM-DD HH24:MI:SS') ,3,1043);
insert into Fall22_S003_12_BOOKING values ('BK44','Grapevine',25337,'Plano',82873,9.21,'887129','100244',TO_DATE('2023-03-19','YYYY-MM-DD') ,TO_DATE('2023-03-19 05:24:00','YYYY-MM-DD HH24:MI:SS') ,1,1044);
insert into Fall22_S003_12_BOOKING values ('BK45','Richardson',25670,'Plano',82873,20.46,'113316','100245',TO_DATE('2023-03-20','YYYY-MM-DD') ,TO_DATE('2023-03-20 03:20:00','YYYY-MM-DD HH24:MI:SS') ,2,1045);
insert into Fall22_S003_12_BOOKING values ('BK46','Farmers Branch',25286,'Garland',51287,78.55,'136966','100246',TO_DATE('2023-03-21','YYYY-MM-DD') ,TO_DATE('2023-03-21 04:21:00','YYYY-MM-DD HH24:MI:SS') ,3,1046);
insert into Fall22_S003_12_BOOKING values ('BK47','Arlington',47572,'Irving',66392,54.78,'796095','100247',TO_DATE('2023-03-22','YYYY-MM-DD') ,TO_DATE('2023-03-22 07:28:00','YYYY-MM-DD HH24:MI:SS') ,1,1047);
insert into Fall22_S003_12_BOOKING values ('BK48','Plano',82873,'Addison',88466,89.67,'523911','100248',TO_DATE('2023-03-23','YYYY-MM-DD') ,TO_DATE('2023-03-23 04:57:00','YYYY-MM-DD HH24:MI:SS') ,3,1048);
insert into Fall22_S003_12_BOOKING values ('BK49','Garland',51287,'Coppell',76640,86.12,'245271','100249',TO_DATE('2023-03-24','YYYY-MM-DD') ,TO_DATE('2023-03-24 14:10:00','YYYY-MM-DD HH24:MI:SS') ,1,1049);
insert into Fall22_S003_12_BOOKING values ('BK50','Irving',66392,'Frisco',21315,27.24,'300089','100250',TO_DATE('2023-03-16','YYYY-MM-DD') ,TO_DATE('2023-03-16 07:18:00','YYYY-MM-DD HH24:MI:SS') ,4,1050);
insert into Fall22_S003_12_BOOKING values ('BK51','Coppell',76640,'Garland',51287,44.77,'713807','100202',TO_DATE('2023-05-04','YYYY-MM-DD'),TO_DATE('2023-05-04 15:30:00' ,'YYYY-MM-DD HH24:MI:SS'),4,1002);
insert into Fall22_S003_12_BOOKING values ('BK52','Addison',88466,'Arlington',47572,15.69,'564420','100221',TO_DATE('2023-06-12','YYYY-MM-DD') ,TO_DATE('2023-06-12 03:15:00','YYYY-MM-DD HH24:MI:SS') ,4,1021);
insert into Fall22_S003_12_BOOKING values ('BK53','Grapevine',25337,'Plano',82873,57.26,'581679','100234',TO_DATE('2023-05-15','YYYY-MM-DD') ,TO_DATE('2023-05-15 12:50:00','YYYY-MM-DD HH24:MI:SS') ,4,1034);
insert into Fall22_S003_12_BOOKING values ('BK54','Coppell',76640,'Garland',51287,44.77,'713807','100202',TO_DATE('2023-11-09','YYYY-MM-DD'),TO_DATE('2023-11-09 15:00:00' ,'YYYY-MM-DD HH24:MI:SS'),4,1002);
insert into Fall22_S003_12_BOOKING values ('BK55','Grapevine',25337,'Plano',82873,57.26,'581679','100234',TO_DATE('2023-05-22','YYYY-MM-DD') ,TO_DATE('2023-05-22 20:10:00','YYYY-MM-DD HH24:MI:SS') ,4,1034);
insert into Fall22_S003_12_BOOKING values ('BK56','Plano',82873,'Frisco',21315,50.22,'261721','100228',TO_DATE('2023-07-06','YYYY-MM-DD') ,TO_DATE('2023-07-06 10:02:00','YYYY-MM-DD HH24:MI:SS') ,2,1028);
insert into Fall22_S003_12_BOOKING values ('BK57','Coppell',76640,'Garland',51287,44.77,'713807','100202',TO_DATE('2023-05-26','YYYY-MM-DD'),TO_DATE('2023-05-26 15:00:00' ,'YYYY-MM-DD HH24:MI:SS'),4,1002);
insert into Fall22_S003_12_BOOKING values ('BK58','Grapevine',25337,'Plano',82873,57.26,'581679','100234',TO_DATE('2023-02-15','YYYY-MM-DD') ,TO_DATE('2023-02-15 20:15:00','YYYY-MM-DD HH24:MI:SS') ,4,1034);
insert into Fall22_S003_12_BOOKING values ('BK59','Addison',88466,'Arlington',47572,15.69,'564420','100221',TO_DATE('2023-03-08','YYYY-MM-DD') ,TO_DATE('2023-03-08 02:20:00','YYYY-MM-DD HH24:MI:SS') ,4,1021);
insert into Fall22_S003_12_BOOKING values ('BK60','Plano',82873,'Frisco',21315,50.22,'261721','100228',TO_DATE('2023-05-16','YYYY-MM-DD') ,TO_DATE('2023-05-16 11:15:00','YYYY-MM-DD HH24:MI:SS') ,2,1028);
insert into Fall22_S003_12_BOOKING values ('BK61','Coppell',76640,'Garland',51287,44.77,'713807','100202',TO_DATE('2023-05-02','YYYY-MM-DD'),TO_DATE('2023-05-02 18:00:00' ,'YYYY-MM-DD HH24:MI:SS'),4,1002);
insert into Fall22_S003_12_BOOKING values ('BK62','Farmers Branch',25286,'Irving',66392,93.05,'775923','100236',TO_DATE('2023-11-03','YYYY-MM-DD') ,TO_DATE('2023-11-03 08:00:00','YYYY-MM-DD HH24:MI:SS') ,4,1036);
insert into Fall22_S003_12_BOOKING values ('BK63','Plano',82873,'Frisco',21315,50.22,'261721','100228',TO_DATE('2023-05-03','YYYY-MM-DD') ,TO_DATE('2023-05-03 10:02:00','YYYY-MM-DD HH24:MI:SS') ,2,1028);
insert into Fall22_S003_12_BOOKING values ('BK64','Addison',88466,'Arlington',47572,15.69,'564420','100221',TO_DATE('2023-10-05','YYYY-MM-DD') ,TO_DATE('2023-10-05 08:15:00','YYYY-MM-DD HH24:MI:SS') ,4,1021);
insert into Fall22_S003_12_BOOKING values ('BK65','Farmers Branch',25286,'Irving',66392,93.05,'775923','100236',TO_DATE('2023-11-10','YYYY-MM-DD') ,TO_DATE('2023-11-10 10:11:00','YYYY-MM-DD HH24:MI:SS') ,4,1036);
insert into Fall22_S003_12_BOOKING values ('BK66','Coppell',76640,'Garland',51287,44.77,'713807','100202',TO_DATE('2023-08-15','YYYY-MM-DD'),TO_DATE('2023-08-15 16:10:00' ,'YYYY-MM-DD HH24:MI:SS'),4,1002);
insert into Fall22_S003_12_BOOKING values ('BK67','Addison',88466,'Arlington',47572,15.69,'564420','100221',TO_DATE('2023-11-28','YYYY-MM-DD') ,TO_DATE('2023-11-28 02:30:00','YYYY-MM-DD HH24:MI:SS') ,4,1021);
insert into Fall22_S003_12_BOOKING values ('BK68','Grapevine',25337,'Plano',82873,57.26,'581679','100234',TO_DATE('2023-09-03','YYYY-MM-DD') ,TO_DATE('2023-09-03 20:30:00','YYYY-MM-DD HH24:MI:SS') ,4,1034);
insert into Fall22_S003_12_BOOKING values ('BK69','Coppell',76640,'Garland',51287,44.77,'713807','100202',TO_DATE('2023-05-08','YYYY-MM-DD'),TO_DATE('2023-05-08 19:18:00' ,'YYYY-MM-DD HH24:MI:SS'),4,1002);
insert into Fall22_S003_12_BOOKING values ('BK70','Addison',88466,'Arlington',47572,15.69,'564420','100221',TO_DATE('2023-09-26','YYYY-MM-DD') ,TO_DATE('2023-09-26 02:50:00','YYYY-MM-DD HH24:MI:SS') ,4,1021);

--TABLE-7: 
--Fall22_S003_12_RIDESCHEDULE 
insert into Fall22_S003_12_RIDESCHEDULE values ('RD01','BK01',TO_TIMESTAMP('2023-02-04 15:08:00','YYYY-MM-DD HH24:MI:SS'),TO_TIMESTAMP('2023-02-04 15:28:00','YYYY-MM-DD HH24:MI:SS'));
insert into Fall22_S003_12_RIDESCHEDULE values ('RD02','BK02',TO_TIMESTAMP('2023-02-05 19:00:00','YYYY-MM-DD HH24:MI:SS'),TO_TIMESTAMP('2023-02-05 19:10:00','YYYY-MM-DD HH24:MI:SS'));
insert into Fall22_S003_12_RIDESCHEDULE values ('RD03','BK03',TO_TIMESTAMP('2023-02-06 18:22:00','YYYY-MM-DD HH24:MI:SS') ,TO_TIMESTAMP('2023-02-06 18:29:00','YYYY-MM-DD HH24:MI:SS'));
insert into Fall22_S003_12_RIDESCHEDULE values ('RD04','BK04',TO_TIMESTAMP('2023-02-07 07:46:00','YYYY-MM-DD HH24:MI:SS') ,TO_TIMESTAMP('2023-02-07 07:57:00','YYYY-MM-DD HH24:MI:SS'));
insert into Fall22_S003_12_RIDESCHEDULE values ('RD05','BK05',TO_TIMESTAMP('2023-02-08 14:31:00','YYYY-MM-DD HH24:MI:SS'),TO_TIMESTAMP('2023-02-08 14:59:00','YYYY-MM-DD HH24:MI:SS'));
insert into Fall22_S003_12_RIDESCHEDULE values ('RD06','BK06',TO_TIMESTAMP('2023-02-09 08:25:00','YYYY-MM-DD HH24:MI:SS') ,TO_TIMESTAMP('2023-02-09 08:55:00','YYYY-MM-DD HH24:MI:SS'));
insert into Fall22_S003_12_RIDESCHEDULE values ('RD07','BK07',TO_TIMESTAMP('2023-02-10 02:04:00' ,'YYYY-MM-DD HH24:MI:SS'),TO_TIMESTAMP('2023-02-10 02:58:00','YYYY-MM-DD HH24:MI:SS'));
insert into Fall22_S003_12_RIDESCHEDULE values ('RD08','BK08',TO_TIMESTAMP('2023-02-11 00:10:00','YYYY-MM-DD HH24:MI:SS') ,TO_TIMESTAMP('2023-02-11 00:15:00','YYYY-MM-DD HH24:MI:SS'));
insert into Fall22_S003_12_RIDESCHEDULE values ('RD09','BK09',TO_TIMESTAMP('2023-02-12 07:12:00','YYYY-MM-DD HH24:MI:SS') ,TO_TIMESTAMP('2023-02-12 07:36:00','YYYY-MM-DD HH24:MI:SS'));
insert into Fall22_S003_12_RIDESCHEDULE values ('RD10','BK10',TO_TIMESTAMP('2023-02-13 22:35:00' ,'YYYY-MM-DD HH24:MI:SS'),TO_TIMESTAMP('2023-02-13 22:59:00','YYYY-MM-DD HH24:MI:SS'));
insert into Fall22_S003_12_RIDESCHEDULE values ('RD11','BK11',TO_TIMESTAMP('2023-02-14 22:17:00','YYYY-MM-DD HH24:MI:SS') ,TO_TIMESTAMP('2023-02-14 22:34:00','YYYY-MM-DD HH24:MI:SS'));
insert into Fall22_S003_12_RIDESCHEDULE values ('RD12','BK12',TO_TIMESTAMP('2023-02-15 19:01:00','YYYY-MM-DD HH24:MI:SS') ,TO_TIMESTAMP('2023-02-15 19:29:00','YYYY-MM-DD HH24:MI:SS'));
insert into Fall22_S003_12_RIDESCHEDULE values ('RD13','BK13',TO_TIMESTAMP('2023-02-16 19:45:00','YYYY-MM-DD HH24:MI:SS') ,TO_TIMESTAMP('2023-02-16 19:59:00','YYYY-MM-DD HH24:MI:SS'));
insert into Fall22_S003_12_RIDESCHEDULE values ('RD14','BK14',TO_TIMESTAMP('2023-02-17 02:36:00','YYYY-MM-DD HH24:MI:SS') ,TO_TIMESTAMP('2023-02-17 02:55:00','YYYY-MM-DD HH24:MI:SS'));
insert into Fall22_S003_12_RIDESCHEDULE values ('RD15','BK15',TO_TIMESTAMP('2023-02-18 23:48:00','YYYY-MM-DD HH24:MI:SS') ,TO_TIMESTAMP('2023-02-18 23:55:00','YYYY-MM-DD HH24:MI:SS'));
insert into Fall22_S003_12_RIDESCHEDULE values ('RD16','BK16',TO_TIMESTAMP('2023-02-19 21:09:00','YYYY-MM-DD HH24:MI:SS') ,TO_TIMESTAMP('2023-02-19 21:30:00','YYYY-MM-DD HH24:MI:SS'));
insert into Fall22_S003_12_RIDESCHEDULE values ('RD17','BK17',TO_TIMESTAMP('2023-05-20 11:54:00','YYYY-MM-DD HH24:MI:SS') ,TO_TIMESTAMP('2023-05-20 12:20:00','YYYY-MM-DD HH24:MI:SS'));
insert into Fall22_S003_12_RIDESCHEDULE values ('RD18','BK18',TO_TIMESTAMP('2023-02-21 14:36:00' ,'YYYY-MM-DD HH24:MI:SS'),TO_TIMESTAMP('2023-02-21 14:56:00','YYYY-MM-DD HH24:MI:SS'));
insert into Fall22_S003_12_RIDESCHEDULE values ('RD19','BK19',TO_TIMESTAMP('2023-02-22 09:42:00','YYYY-MM-DD HH24:MI:SS') ,TO_TIMESTAMP('2023-02-22 09:59:00','YYYY-MM-DD HH24:MI:SS'));
insert into Fall22_S003_12_RIDESCHEDULE values ('RD20','BK20',TO_TIMESTAMP('2023-02-23 23:40:00','YYYY-MM-DD HH24:MI:SS'),TO_TIMESTAMP('2023-02-23 23:58:00','YYYY-MM-DD HH24:MI:SS'));
insert into Fall22_S003_12_RIDESCHEDULE values ('RD21','BK21',TO_TIMESTAMP('2023-02-24 02:17:00','YYYY-MM-DD HH24:MI:SS') ,TO_TIMESTAMP('2023-02-24 02:50:00','YYYY-MM-DD HH24:MI:SS'));
insert into Fall22_S003_12_RIDESCHEDULE values ('RD22','BK22',TO_TIMESTAMP('2023-02-25 10:17:00','YYYY-MM-DD HH24:MI:SS') ,TO_TIMESTAMP('2023-02-25 10:40:00','YYYY-MM-DD HH24:MI:SS'));
insert into Fall22_S003_12_RIDESCHEDULE values ('RD23','BK23',TO_TIMESTAMP('2023-02-26 00:16:00','YYYY-MM-DD HH24:MI:SS') ,TO_TIMESTAMP('2023-02-26 00:36:00','YYYY-MM-DD HH24:MI:SS'));
insert into Fall22_S003_12_RIDESCHEDULE values ('RD24','BK24',TO_TIMESTAMP('2023-02-27 22:29:00','YYYY-MM-DD HH24:MI:SS') ,TO_TIMESTAMP('2023-02-27 22:55:00','YYYY-MM-DD HH24:MI:SS'));
insert into Fall22_S003_12_RIDESCHEDULE values ('RD25','BK25',TO_TIMESTAMP('2023-02-28 23:37:00','YYYY-MM-DD HH24:MI:SS') ,TO_TIMESTAMP('2023-02-28 23:53:00','YYYY-MM-DD HH24:MI:SS'));
insert into Fall22_S003_12_RIDESCHEDULE values ('RD26','BK26',TO_TIMESTAMP('2023-03-01 22:10:00','YYYY-MM-DD HH24:MI:SS') ,TO_TIMESTAMP('2023-03-01 22:23:00','YYYY-MM-DD HH24:MI:SS'));
insert into Fall22_S003_12_RIDESCHEDULE values ('RD27','BK27',TO_TIMESTAMP('2023-03-02 19:50:00','YYYY-MM-DD HH24:MI:SS') ,TO_TIMESTAMP('2023-03-02 20:05:00','YYYY-MM-DD HH24:MI:SS'));
insert into Fall22_S003_12_RIDESCHEDULE values ('RD28','BK28',TO_TIMESTAMP('2023-03-03 11:02:00','YYYY-MM-DD HH24:MI:SS') ,TO_TIMESTAMP('2023-03-03 11:32:00','YYYY-MM-DD HH24:MI:SS'));
insert into Fall22_S003_12_RIDESCHEDULE values ('RD29','BK29',TO_TIMESTAMP('2023-03-04 07:17:00','YYYY-MM-DD HH24:MI:SS') ,TO_TIMESTAMP('2023-03-04 07:34:00','YYYY-MM-DD HH24:MI:SS'));
insert into Fall22_S003_12_RIDESCHEDULE values ('RD30','BK30',TO_TIMESTAMP('2023-03-05 19:27:00','YYYY-MM-DD HH24:MI:SS') ,TO_TIMESTAMP('2023-03-05 19:51:00','YYYY-MM-DD HH24:MI:SS'));
insert into Fall22_S003_12_RIDESCHEDULE values ('RD31','BK31',TO_TIMESTAMP('2023-03-06 12:50:00','YYYY-MM-DD HH24:MI:SS') ,TO_TIMESTAMP('2023-03-06 12:59:00','YYYY-MM-DD HH24:MI:SS'));
insert into Fall22_S003_12_RIDESCHEDULE values ('RD32','BK32',TO_TIMESTAMP('2023-03-07 06:17:00','YYYY-MM-DD HH24:MI:SS') ,TO_TIMESTAMP('2023-03-07 06:37:00','YYYY-MM-DD HH24:MI:SS'));
insert into Fall22_S003_12_RIDESCHEDULE values ('RD33','BK33',TO_TIMESTAMP('2023-05-08 17:55:00','YYYY-MM-DD HH24:MI:SS') ,TO_TIMESTAMP('2023-05-08 18:20:00','YYYY-MM-DD HH24:MI:SS'));
insert into Fall22_S003_12_RIDESCHEDULE values ('RD34','BK34',TO_TIMESTAMP('2023-03-09 20:36:00','YYYY-MM-DD HH24:MI:SS') ,TO_TIMESTAMP('2023-03-09 20:56:00','YYYY-MM-DD HH24:MI:SS'));
insert into Fall22_S003_12_RIDESCHEDULE values ('RD35','BK35',TO_TIMESTAMP('2023-03-10 05:43:00','YYYY-MM-DD HH24:MI:SS') ,TO_TIMESTAMP('2023-03-10 05:49:00','YYYY-MM-DD HH24:MI:SS'));
insert into Fall22_S003_12_RIDESCHEDULE values ('RD36','BK36',TO_TIMESTAMP('2023-03-11 07:00:00','YYYY-MM-DD HH24:MI:SS') ,TO_TIMESTAMP('2023-03-11 07:19:00','YYYY-MM-DD HH24:MI:SS'));
insert into Fall22_S003_12_RIDESCHEDULE values ('RD37','BK37',TO_TIMESTAMP('2023-03-12 07:49:00','YYYY-MM-DD HH24:MI:SS') ,TO_TIMESTAMP('2023-03-12 07:56:00','YYYY-MM-DD HH24:MI:SS'));
insert into Fall22_S003_12_RIDESCHEDULE values ('RD38','BK38',TO_TIMESTAMP('2023-03-13 20:07:00','YYYY-MM-DD HH24:MI:SS') ,TO_TIMESTAMP('2023-03-13 20:17:00','YYYY-MM-DD HH24:MI:SS'));
insert into Fall22_S003_12_RIDESCHEDULE values ('RD39','BK39',TO_TIMESTAMP('2023-03-14 14:40:00','YYYY-MM-DD HH24:MI:SS') ,TO_TIMESTAMP('2023-03-14 14:55:00','YYYY-MM-DD HH24:MI:SS'));
insert into Fall22_S003_12_RIDESCHEDULE values ('RD40','BK40',TO_TIMESTAMP('2023-03-15 23:49:00','YYYY-MM-DD HH24:MI:SS') ,TO_TIMESTAMP('2023-03-15 23:58:00','YYYY-MM-DD HH24:MI:SS'));
insert into Fall22_S003_12_RIDESCHEDULE values ('RD41','BK41',TO_TIMESTAMP('2023-03-16 02:23:00','YYYY-MM-DD HH24:MI:SS') ,TO_TIMESTAMP('2023-03-16 02:39:00','YYYY-MM-DD HH24:MI:SS'));
insert into Fall22_S003_12_RIDESCHEDULE values ('RD42','BK42',TO_TIMESTAMP('2023-03-17 16:44:00','YYYY-MM-DD HH24:MI:SS') ,TO_TIMESTAMP('2023-03-17 16:57:00','YYYY-MM-DD HH24:MI:SS'));
insert into Fall22_S003_12_RIDESCHEDULE values ('RD43','BK43',TO_TIMESTAMP('2023-03-18 17:42:00','YYYY-MM-DD HH24:MI:SS') ,TO_TIMESTAMP('2023-03-18 17:49:00','YYYY-MM-DD HH24:MI:SS'));
insert into Fall22_S003_12_RIDESCHEDULE values ('RD44','BK44',TO_TIMESTAMP('2023-03-19 05:24:00','YYYY-MM-DD HH24:MI:SS') ,TO_TIMESTAMP('2023-03-19 05:32:00','YYYY-MM-DD HH24:MI:SS'));
insert into Fall22_S003_12_RIDESCHEDULE values ('RD45','BK45',TO_TIMESTAMP('2023-03-20 03:20:00','YYYY-MM-DD HH24:MI:SS') ,TO_TIMESTAMP('2023-03-20 03:31:00','YYYY-MM-DD HH24:MI:SS'));
insert into Fall22_S003_12_RIDESCHEDULE values ('RD46','BK46',TO_TIMESTAMP('2023-03-21 04:21:00','YYYY-MM-DD HH24:MI:SS') ,TO_TIMESTAMP('2023-03-21 04:33:00','YYYY-MM-DD HH24:MI:SS'));
insert into Fall22_S003_12_RIDESCHEDULE values ('RD47','BK47',TO_TIMESTAMP('2023-03-22 07:28:00','YYYY-MM-DD HH24:MI:SS') ,TO_TIMESTAMP('2023-03-22 07:46:00','YYYY-MM-DD HH24:MI:SS'));
insert into Fall22_S003_12_RIDESCHEDULE values ('RD48','BK48',TO_TIMESTAMP('2023-03-23 04:57:00','YYYY-MM-DD HH24:MI:SS') ,TO_TIMESTAMP('2023-03-23 05:15:00','YYYY-MM-DD HH24:MI:SS'));
insert into Fall22_S003_12_RIDESCHEDULE values ('RD49','BK49',TO_TIMESTAMP('2023-03-24 14:10:00','YYYY-MM-DD HH24:MI:SS') ,TO_TIMESTAMP('2023-03-24 14:19:00','YYYY-MM-DD HH24:MI:SS'));
insert into Fall22_S003_12_RIDESCHEDULE values ('RD50','BK50',TO_TIMESTAMP('2023-03-16 07:18:00','YYYY-MM-DD HH24:MI:SS') ,TO_TIMESTAMP('2023-03-16 07:39:00','YYYY-MM-DD HH24:MI:SS'));
insert into Fall22_S003_12_RIDESCHEDULE values ('RD51','BK51',TO_TIMESTAMP('2023-05-04 15:30:00','YYYY-MM-DD HH24:MI:SS') ,TO_TIMESTAMP('2023-05-04 15:50:00','YYYY-MM-DD HH24:MI:SS'));
insert into Fall22_S003_12_RIDESCHEDULE values ('RD52','BK52',TO_TIMESTAMP('2023-06-12 03:15:00','YYYY-MM-DD HH24:MI:SS') ,TO_TIMESTAMP('2023-06-12 03:40:00','YYYY-MM-DD HH24:MI:SS'));
insert into Fall22_S003_12_RIDESCHEDULE values ('RD53','BK53',TO_TIMESTAMP('2023-05-15 12:50:00','YYYY-MM-DD HH24:MI:SS') ,TO_TIMESTAMP('2023-05-15 13:10:00','YYYY-MM-DD HH24:MI:SS'));
insert into Fall22_S003_12_RIDESCHEDULE values ('RD54','BK54',TO_TIMESTAMP('2023-11-09 15:00:00','YYYY-MM-DD HH24:MI:SS') ,TO_TIMESTAMP('2023-11-09 15:30:00','YYYY-MM-DD HH24:MI:SS'));
insert into Fall22_S003_12_RIDESCHEDULE values ('RD55','BK55',TO_TIMESTAMP('2023-05-22 20:10:00','YYYY-MM-DD HH24:MI:SS') ,TO_TIMESTAMP('2023-05-22 20:35:00','YYYY-MM-DD HH24:MI:SS'));
insert into Fall22_S003_12_RIDESCHEDULE values ('RD56','BK56',TO_TIMESTAMP('2023-07-06 10:02:00','YYYY-MM-DD HH24:MI:SS') ,TO_TIMESTAMP('2023-07-06 10:29:00','YYYY-MM-DD HH24:MI:SS'));
insert into Fall22_S003_12_RIDESCHEDULE values ('RD57','BK57',TO_TIMESTAMP('2023-05-26 15:00:00','YYYY-MM-DD HH24:MI:SS') ,TO_TIMESTAMP('2023-05-26 15:43:00','YYYY-MM-DD HH24:MI:SS'));
insert into Fall22_S003_12_RIDESCHEDULE values ('RD58','BK58',TO_TIMESTAMP('2023-02-15 20:15:00','YYYY-MM-DD HH24:MI:SS') ,TO_TIMESTAMP('2023-02-15 20:30:00','YYYY-MM-DD HH24:MI:SS'));
insert into Fall22_S003_12_RIDESCHEDULE values ('RD59','BK59',TO_TIMESTAMP('2023-03-08 02:20:00','YYYY-MM-DD HH24:MI:SS') ,TO_TIMESTAMP('2023-03-08 02:45:00','YYYY-MM-DD HH24:MI:SS'));
insert into Fall22_S003_12_RIDESCHEDULE values ('RD60','BK60',TO_TIMESTAMP('2023-05-16 11:15:00','YYYY-MM-DD HH24:MI:SS') ,TO_TIMESTAMP('2023-05-16 11:30:00','YYYY-MM-DD HH24:MI:SS'));
insert into Fall22_S003_12_RIDESCHEDULE values ('RD61','BK61',TO_TIMESTAMP('2023-05-02 18:00:00','YYYY-MM-DD HH24:MI:SS') ,TO_TIMESTAMP('2023-05-02 18:25:00','YYYY-MM-DD HH24:MI:SS'));
insert into Fall22_S003_12_RIDESCHEDULE values ('RD62','BK62',TO_TIMESTAMP('2023-11-03 08:00:00','YYYY-MM-DD HH24:MI:SS') ,TO_TIMESTAMP('2023-11-03 08:26:00','YYYY-MM-DD HH24:MI:SS'));
insert into Fall22_S003_12_RIDESCHEDULE values ('RD63','BK63',TO_TIMESTAMP('2023-05-03 10:02:00','YYYY-MM-DD HH24:MI:SS') ,TO_TIMESTAMP('2023-05-03 10:20:00','YYYY-MM-DD HH24:MI:SS'));
insert into Fall22_S003_12_RIDESCHEDULE values ('RD64','BK64',TO_TIMESTAMP('2023-10-05 08:15:00','YYYY-MM-DD HH24:MI:SS') ,TO_TIMESTAMP('2023-10-05 08:40:00','YYYY-MM-DD HH24:MI:SS'));
insert into Fall22_S003_12_RIDESCHEDULE values ('RD65','BK65',TO_TIMESTAMP('2023-11-10 10:11:00','YYYY-MM-DD HH24:MI:SS') ,TO_TIMESTAMP('2023-11-10 10:33:00','YYYY-MM-DD HH24:MI:SS'));
insert into Fall22_S003_12_RIDESCHEDULE values ('RD66','BK66',TO_TIMESTAMP('2023-08-15 16:10:00','YYYY-MM-DD HH24:MI:SS') ,TO_TIMESTAMP('2023-08-15 16:35:00','YYYY-MM-DD HH24:MI:SS'));
insert into Fall22_S003_12_RIDESCHEDULE values ('RD67','BK67',TO_TIMESTAMP('2023-11-28 02:30:00','YYYY-MM-DD HH24:MI:SS') ,TO_TIMESTAMP('2023-11-28 02:58:00','YYYY-MM-DD HH24:MI:SS'));
insert into Fall22_S003_12_RIDESCHEDULE values ('RD68','BK68',TO_TIMESTAMP('2023-09-03 20:30:00','YYYY-MM-DD HH24:MI:SS') ,TO_TIMESTAMP('2023-09-03 20:55:00','YYYY-MM-DD HH24:MI:SS'));
insert into Fall22_S003_12_RIDESCHEDULE values ('RD69','BK69',TO_TIMESTAMP('2023-05-08 19:18:00','YYYY-MM-DD HH24:MI:SS') ,TO_TIMESTAMP('2023-05-08 19:40:00','YYYY-MM-DD HH24:MI:SS'));
insert into Fall22_S003_12_RIDESCHEDULE values ('RD70','BK70',TO_TIMESTAMP('2023-09-26 02:50:00','YYYY-MM-DD HH24:MI:SS') ,TO_TIMESTAMP('2023-09-26 03:15:00','YYYY-MM-DD HH24:MI:SS'));

COMMIT;